{
  "saleService": [
    {
      "vendors": {
        "$ref": "./vendors.json#"
      }
    },
    {
      "production_orders": {
        "$ref": "./production_orders.json#"
      }
    },
    {
      "production_order_details": {
        "$ref": "./production_order_details.json#"
      }
    },
    {
      "production_order_warehouse_details": {
        "$ref": "./production_order_warehouse_details.json#"
      }
    },
    {
      "purchased_orders": {
        "$ref": "./purchased_orders.json#"
      }
    },
    {
      "purchased_order_details": {
        "$ref": "./purchased_order_details.json#"
      }
    },
    {
      "purchased_order_warehouse_details": {
        "$ref": "./purchased_order_warehouse_details.json#"
      }
    },
    {
      "sale_orders": {
        "$ref": "./sale_orders.json#"
      }
    },
    {
      "sale_order_exports": {
        "$ref": "./sale_order_exports.json#"
      }
    },
    {
      "sale_order_export_details": {
        "$ref": "./sale_order_export_details.json#"
      }
    },
    {
      "sale_order_export_warehouse_details": {
        "$ref": "./sale_order_export_warehouse_details.json#"
      }
    }
  ]
}
