[
  {
    "id": 1,
    "company_id": 1,
    "vendor_id": 1,
    "created_by_user_id": 1,
    "confirmer_id": null,
    "planner_id": null,
    "approver_id": null,
    "type": 0,
    "code": "t001Imp",
    "description": null,
    "status": 1,
    "deadline": "2022-03-17T16:59:59.000Z",
    "confirmed_at": null,
    "planned_at": null,
    "approved_at": null,
    "name": "Kế hoạch nguyên vật liệu MO-TÂN",
    "purchased_at": "2022-03-10T17:00:00.000Z",
    "completed_at": null,
    "manufacturing_order_id": 1
  }
]
