[
  {
    "id": 1,
    "company_id": 1,
    "created_by_user_id": 1,
    "confirmer_id": null,
    "planner_id": null,
    "approver_id": 1,
    "code": "lenh01",
    "description": null,
    "status": 0,
    "deadline": "2022-03-30T03:32:30.825Z",
    "confirmed_at": null,
    "planned_at": null,
    "approved_at": "2022-03-04T10:20:43.275Z",
    "name": "Lệnh xuất 1",
    "customer_id": 1,
    "ordered_at": "2022-03-01T03:32:10.636Z",
    "completed_at": null,
    "sale_order_id": 1
  }
]
