[
  {
    "id": 1,
    "created_by_user_id": 1,
    "confirmer_id": null,
    "planner_id": null,
    "approver_id": null,
    "type": 1,
    "code": "S0001",
    "description": null,
    "status": 1,
    "deadline": "2022-03-30T03:32:30.825Z",
    "confirmed_at": null,
    "planned_at": null,
    "approved_at": null,
    "name": "Đơn SO",
    "customer_id": 1,
    "ordered_at": "2022-03-01T03:32:10.636Z",
    "company_id": 1,
    "completed_at": null,
    "boq_id": 1,
    "is_has_plan": false
  }
]
