{
  "produceService": [
    {
      "boms": {
        "$ref": "./boms.json#"
      }
    },
    {
      "bom_details": {
        "$ref": "./bom_details.json#"
      }
    },
    {
      "bom_producing_step_details": {
        "$ref": "./bom_producing_step_details.json#"
      }
    },
    {
      "boqs": {
        "$ref": "./boqs.json#"
      }
    },
    {
      "manufacturing_orders": {
        "$ref": "./manufacturing_orders.json#"
      }
    },
    {
      "mo_plans": {
        "$ref": "./mo_plans.json#"
      }
    },
    {
      "routings": {
        "$ref": "./routings.json#"
      }
    },
    {
      "work_orders": {
        "$ref": "./work_orders.json#"
      }
    },
    {
      "producing_steps": {
        "$ref": "./producing_steps.json#"
      }
    },
    {
      "work_centers": {
        "$ref": "./work_centers.json#"
      }
    }
  ]
}
