[
    {
        "id" : 1,
        "name" : "Công đoạn đóng gói",
        "code" : "CD5",
        "description" : "",
        "status" : 1,
        "switch_mode" : 1,
        "qc_quantity_rule" : 10,
        "qc_check" : 1,
        "approver_id" : 1,
        "approved_at" : "2021-12-31T13:57:13.574Z",
        "work_center_id" : null,
        "qc_criteria_id" : 8,
        "production_time_per_item" : 10.00,
        "input_qc_check" : 0,
        "input_qc_criteria_id" : 0,
        "input_qc" : "{\"enable\":false,\"qcCriteriaId\":null,\"itemPerMemberTime\":null,\"numberOfTime\":0,\"formality\":0,\"errorAcceptanceRate\":0}",
        "output_qc" : "{\"enable\":true,\"qcCriteriaId\":8,\"itemPerMemberTime\":30,\"numberOfTime\":0,\"formality\":0,\"errorAcceptanceRate\":0}",
        "created_by" : 1,
        "file" : null
    }
]