[
    {
        "id" : 1,
        "name" : "KH61_387_195_cd195b",
        "quantity" : 40000.00,
        "actual_quantity" : 0.00,
        "confirmed_quantity" : 0.00,
        "plan_from" : "2022-03-14T17:00:00.000Z",
        "plan_to" : "2022-03-19T16:59:59.000Z",
        "description" : null,
        "mo_id" : 2,
        "routing_id" : 1,
        "bom_id" : 1,
        "producing_step_id" : 1,
        "work_center_id" : null,
        "mo_detail_id" : 1,
        "mo_plan_id" : 1,
        "mo_plan_bom_id" : 1,
        "status" : 1,
        "approver_id" : 1,
        "approved_at" : "2022-03-15T07:26:41.593Z",
        "error_quantity" : 0.00,
        "scrap_quantity" : 0.00,
        "qc_pass_quantity" : 0.00,
        "qc_reject_quantity" : 0.00,
        "export_quantity" : 0.00,
        "exported_quantity" : 0.00,
        "start_at" : null,
        "end_at" : null,
        "repaired_quantity" : 0.00,
        "lot_number" : "LN00001824",
        "parent_bom_id" : 1,
        "master_plan_producing_step_schedule_id" : null
    }
]