{
  "warehouseService": [
    {
      "template_shelfs": {
        "$ref": "./template_shelfs.json#"
      }
    },
    {
      "template_sectors": {
        "$ref": "./template_sectors.json#"
      }
    },
    {
      "template_sector_template_shelf": {
        "$ref": "./template_sector_template_shelf.json#"
      }
    },
    {
      "template_shelf_template_shelf_floor": {
        "$ref": "./template_shelf_template_shelf_floor.json#"
      }
    },
    {
      "warehouse_type_settings": {
        "$ref": "./warehouse_type_settings.json#"
      }
    },
    {
      "warehouses": {
        "$ref": "./warehouses.json#"
      }
    },
    {
      "warehouse_sectors": {
        "$ref": "./warehouse_sectors.json#"
      }
    }
  ]
}
