[
  {
    "id": 1,
    "name": "Khu vực 60TH4",
    "warehouse_id": 1,
    "long": "{\"value\":100,\"unit\":3}",
    "width": "{\"value\":100,\"unit\":3}",
    "height": "{\"value\":100,\"unit\":3}",
    "front_margin": "{}",
    "behind_margin": "{}",
    "left_margin": "{}",
    "right_margin": "{}",
    "top_margin": "{}",
    "bottom_margin": "{}",
    "description": null,
    "volume": "{\"value\":1000000000000,\"unit\":1}",
    "code": "KV60Th4",
    "status": 0,
    "approver_id": null,
    "approved_at": null,
    "position": 1,
    "design": "{\"x\":0,\"y\":0,\"rotate\":0}"
  }
]
