{
  "itemService": [
    {
      "item_detail_settings": {
        "$ref": "./item_detail_settings.json#"
      }
    },
    {
      "item_group_settings": {
        "$ref": "./item_group_settings.json#"
      }
    },
    {
      "item_inventory_limitations": {
        "$ref": "./item_inventory_limitations.json#"
      }
    },
    {
      "item_type_settings": {
        "$ref": "./item_type_settings.json#"
      }
    },
    {
      "item_unit_settings": {
        "$ref": "./item_unit_settings.json#"
      }
    },
    {
      "items": {
        "$ref": "./items.json#"
      }
    },
    {
      "item_details": {
        "$ref": "./item_details.json#"
      }
    },
    {
      "packages": {
        "$ref": "./packages.json#"
      }
    },
    {
      "package_items": {
        "$ref": "./package_items.json#"
      }
    },
    {
      "blocks": {
        "$ref": "./blocks.json#"
      }
    },
    {
      "block_item_details": {
        "$ref": "./block_item_details.json#"
      }
    }
  ]
}
