[
  {
    "id": 1,
    "name": "demo",
    "code": "0212966",
    "description": "demo",
    "item_unit_id": 1,
    "item_group_id": 1,
    "item_type_id": 1,
    "created_by_user_id": 1,
    "price": 20000.0,
    "is_production_object": false,
    "is_has_bom": false,
    "status": 0,
    "approver_id": null,
    "approved_at": null,
    "width": "{\"value\":0,\"unit\":1}",
    "height": "{\"value\":0,\"unit\":1}",
    "long": "{\"value\":0,\"unit\":1}",
    "volume": "{\"value\":0,\"unit\":1}",
    "weight": "{\"value\":\"\",\"unit\":1}",
    "day_expire": 0
  }
]
