{
  "userService": [
    {
      "companies": {
        "$ref": "./companies.json#"
      }
    },
    {
      "factories": {
        "$ref": "./factories.json#"
      }
    },
    {
      "users": {
        "$ref": "./users.json#"
      }
    },
    {
      "user_role_settings": {
        "$ref": "./user_role_settings.json#"
      }
    },
    {
      "department_settings": {
        "$ref": "./department_settings.json#"
      }
    },
    {
      "user_roles": {
        "$ref": "./user_roles.json#"
      }
    }
  ]
}
