{
  "qmsxService": [
    {
      "action_categories": {
        "$ref": "./action_categories.json#"
      }
    },
    {
      "alerts": {
        "$ref": "./alerts.json#"
      }
    },
    {
      "cause_groups": {
        "$ref": "./cause_groups.json#"
      }
    },
    {
      "check_lists": {
        "$ref": "./check_lists.json#"
      }
    },
    {
      "error_groups": {
        "$ref": "./error_groups.json#"
      }
    },
    {
      "quality_point_user1s": {
        "$ref": "./quality_point_user1s.json#"
      }
    },
    {
      "quality_points": {
        "$ref": "./quality_points.json#"
      }
    }
  ]
}
